{"version":1,"hash":{"type":"Buffer","data":"LUPjjjcnMzdARcPC3bnnnqwyRxSZkyK2LsOmww8Hvaq/8Yh9ncqww6yc4sy0PqZKQ/cgv43I3ZY/34zhSmtN2mP+q7t1CBxkrr0T3nOvRjm9JShIRxgEaHNdN6nDRuP7F2YSge/rTNJ9V73H/1HlU7CyneUrhpxe22HWPY2RcfM="},"indexValueMap":{"2GmuQpbSr+udZJuCsRdCzaBN+0wVIDAAdaj9b2YGjpU=":{"valueMac":{"type":"Buffer","data":"F1nGOFGRrKEcVLnzQAGZgBPvxW0oQ/AVvPBXU7Unbm8="}},"4RfWuDvJmxcod3qpy+vm/Sh1+ewIdLVrIiRV+L2X6dU=":{"valueMac":{"type":"Buffer","data":"hKtc7Dm9P1hx9Qcbt8ZnnZKmptolwbz6l1MOG0IuDi8="}},"num8i7Noi1XjmewuZTdIaEIEdvOUg6gMYMAJi1aN1Po=":{"valueMac":{"type":"Buffer","data":"lbDLHx4NN3tFIZ8+iFhkHKnOY74WqeMTl495nbQ82ZY="}},"1yNPFu/lYuWbyRS6nOHy9vGo/WMA7FuLbfQm/HsAO6s=":{"valueMac":{"type":"Buffer","data":"UsCaLqEhpXH+rueFefQd0tpcjnomRik3X7WhjoDzEL0="}},"I/u6OJuOUco2B7ft9KevAb8mNIFZU+sREywm9qWA+iY=":{"valueMac":{"type":"Buffer","data":"816mj08IH1P0aNg8p+uvFxU3nVTOhvl7j2Vm4LyMtqk="}},"e0z8EFbCmX6e5mQxjHPftWyEnCFHU9E4o2w7bD5cdww=":{"valueMac":{"type":"Buffer","data":"5aVFzps5WtVNmws+tMEtJi9VyJt9bg6bknXuBr2tt0w="}}}}