{"version":1,"hash":{"type":"Buffer","data":"4UFyx9AYptJprMLKGGGJO8WGA/wdfhjmJWxW5QWBig5ewwu0K8BttINLrgdLSlpQP+PoPd47Zg0V+y1yTrZgjJkwVpvE/OcVizUEkdjviKCrualBlXYfWDgwDErev6HlHciuMLnZ8eXB/AKhk75f9VK/EUfUNIBUTi0B8ZFa91E="},"indexValueMap":{"zTvRgjU8YJbjNoMFILCCtYgVxnOmdG7hp00ULjfdiNg=":{"valueMac":{"type":"Buffer","data":"wXVrlWKAQWhcG02KqmSYw4niQoP+tipV7M8bR3sowB8="}},"OsHH0490qZJPEw388kgeDmIGgbWJeQyYQBn04j7pjq0=":{"valueMac":{"type":"Buffer","data":"AEbzNNIHNvWhb15CunCNsPWguYGMp4L2UrOvgwM/keo="}},"bjLLeTP6gsC/RnUieTj//NrFjpijBNV8kQ9OMZNm7t0=":{"valueMac":{"type":"Buffer","data":"cz+rfNFtl19s1GoktKv56QXsZs7EB6Dd8Ysw6woLGDM="}},"7qkE5i+d6oXqZqQAtz3nV+pDCEU9jMLQPE8riyU1X18=":{"valueMac":{"type":"Buffer","data":"YdTnFB6aa+jqDV7LiVSarLkf47sZhYg1jxbDgT5RhHI="}},"d0A9cCLs/meHQIJSy0RjsV0UsCR5j/mQulVBfYgDAzc=":{"valueMac":{"type":"Buffer","data":"6qr5LQAFM21s5T9VX88jua6DzqdHI3yAxQ13GNRbU+8="}},"ENuFHbyenWJdtGJmu/oSoBDPTB5iehMRyfHZgvfJkIg=":{"valueMac":{"type":"Buffer","data":"Z8pD1LJXD98/+UOZHlcM4zTdmSo6JwUgdKRSFzHhLW8="}},"EqWU4GBMkyMa0z5g8tTeLj7sOFAhQTcXejgGzgDlyNg=":{"valueMac":{"type":"Buffer","data":"eLtvIDx59XfEmlU3l4VuKVlcacqvozERCA9ynJfHbAc="}},"jECO8rEQXUAtw6ZZuae2DFEQlyYzkF69nbj8p7PfM9I=":{"valueMac":{"type":"Buffer","data":"tS6ePActhP2IW7+FGWnVDOjS9EmnuEEhaGFlSN9JPAE="}},"GdFpfDtPgAL282u3eZDadR7tkZG4oV3ujHELUh0IKuk=":{"valueMac":{"type":"Buffer","data":"E+zguYp55aclHOntsRZVaefdH5AywiOiYkTY0F4CzqI="}},"dZPR/f2LBZyMRsceFk12BRdSQUubWSlIKHLsA3RHxaI=":{"valueMac":{"type":"Buffer","data":"3qT8di3QUlM5c8jNPT+ZJ1dWLFUgYj2yI4F+SRAR6Q8="}},"CYnI0QFQBT3aY0hq6nX24FPtBVDi1+kDGJljshAFxbg=":{"valueMac":{"type":"Buffer","data":"TR8uDbkwcuZeE861e5u6C6ryEib5kEHRTjyBfPzy32A="}},"mgTSll/Gfq93YlcOeRJmlYMNaR8IHCirw1W/jBGUJZg=":{"valueMac":{"type":"Buffer","data":"4W8VeEKKL5vJdCt6pr8/OR/GL8IeRnlXidO6kR6/fWg="}},"PRP4JInoHVf6S2LvfwT0He5jNiHTNbLqegaCB+32rnE=":{"valueMac":{"type":"Buffer","data":"tknk/nJi4XK6bCWjqPRKDbbGXkk3PsXdb8Sauh+Mowc="}},"CuVbKu36EzKbF7V7ykTOrN/ZfPporUuY4l6QAQq+Iq0=":{"valueMac":{"type":"Buffer","data":"tFem1tJuSLRT77zjfSNSgAl9i+jV68487rj9B78Km9Q="}},"z5ucDt87/vUkA6GczYHgHyKq3IHtIx/wPl8m/YqM5eI=":{"valueMac":{"type":"Buffer","data":"Gxcu0ETpMLwSveIytTkJmJT6IiQmaFDAkuiwOD9vyjw="}},"bWq5HajttAKGNN2a2YJzqQZKKrWlJkx5gYGXIqR6YKY=":{"valueMac":{"type":"Buffer","data":"ZcIPAxdYeXgwI0BjcM7zX/Zyx6brf7DXTxrMj3v3c38="}},"HmB61bAGrUZkOQe6wj9zV0qA+pYgXKnXrMxzE8w62zU=":{"valueMac":{"type":"Buffer","data":"OczKgmFZd1vBhcInOOQnSW5naOkr4dw3fvkMqRXAJuA="}},"/S+eVI5oK+TO/AcOEIlljep0Jt4x13AbC0FHGP8rLh8=":{"valueMac":{"type":"Buffer","data":"cLMU71uN2jtkrPFm7tKo34H2Dnlyenvb4UWb8U9vxt0="}},"4zTAXDtbhFmmLuM77gQ2mHiDXsGLZWfkLJuz8E7SneI=":{"valueMac":{"type":"Buffer","data":"vsH04JH9MvCmbM7QnKl1sSL60S+aNVl7zi3q+AWIHLc="}},"qo8IMU77Zk2mYnCXnYZRU7L0W6KAokkyIFpOuqcGFMs=":{"valueMac":{"type":"Buffer","data":"LAQ4HxuBukYFqEghJLlqGLjGbw/89P5g/QJee+BrBKU="}},"ylgrAlfznoCzkFRpgKMdc+2okDPCWxHd7Vs8x3ZTVZQ=":{"valueMac":{"type":"Buffer","data":"29dDQY3zN7I0JWcTMBmgpVvDuDdyd5vyH1cH8ZXzk7M="}},"Jh0O6TdsII/Voqg/wQmarIk5yfUKTl6P+8kwjv22TyQ=":{"valueMac":{"type":"Buffer","data":"VM6xKM+kaTQ6s/v5MdTFaG5mnbavu2tpHVYdWiQXP/M="}},"ZG2tB1/id5yA6GfSnZgGaDGhiHqjhq6+hwzy7y8/8Jo=":{"valueMac":{"type":"Buffer","data":"/Nwjpy1jYWl4ToZhfEQgXvyJTs7J8tq0uQLPa2i2nOc="}},"F12Dj9cS9fIoWstpGmWKERufRGetmI+ZqEBPKnSdMH8=":{"valueMac":{"type":"Buffer","data":"SVdV/a1Y2cZM/PNmQv0zUbHavBNIsskwXJiD2syNwS4="}},"jGJsU8HpD9xgUP9D0Kbz5t/t/Oc6G+NrB9bWbXRHGbg=":{"valueMac":{"type":"Buffer","data":"NcvA9qeI6ZHw1ocavsolh+WemY8Ef3swRwdJkL/kZyY="}},"6JAhoxx+XWlA2TqUMgSqmGgqn2wBJ8ElUfkvmgSiU6o=":{"valueMac":{"type":"Buffer","data":"kQrim/IOG4yHYjwLC9keWS9oZru7PcqpeATCn0jxzDM="}},"PezpjOMKmqpNblFeMPWdWZCP5usoD8gZBTp+66FBViY=":{"valueMac":{"type":"Buffer","data":"z6cS98yZ70inFBXj4LAgRl2qNoaubcK7DtKXl1R8hJU="}},"LYkyF1NOe6C4FN3z24xvS2V9xbjyAbiJWW+DVjT3k3I=":{"valueMac":{"type":"Buffer","data":"8hhSDhti1It0fqpt95+3TZ+yeHr3gXEtplHGQEdScHQ="}},"GGXGwDFUr7AoJyyzn1QO+9bhsSD0bwiZFGpjoNrO8bM=":{"valueMac":{"type":"Buffer","data":"wcyOosRla+zFsE9JrODKa0OwYN180ZgnxakrVZAkMEY="}},"j8b9WWcfAxWCj5riyAcVXhnY4TDiR45cEBuvGZVNYtU=":{"valueMac":{"type":"Buffer","data":"NxPOFEhIDKHVQWHbZA1LeWn/fw/tzNrBdbXUc5lhqXE="}},"g++twWTTWAifnHFO42uI6qBrOUTyFF2J9wOk/v/NnZc=":{"valueMac":{"type":"Buffer","data":"ZEe7s4esRDFNvR3OsMcoH2STmlP9coOOxyyxasJyDEU="}},"L0KQMBr4uwZ5QlU2EI2/mTuZbTbOEOUxbZa+HI/rYDM=":{"valueMac":{"type":"Buffer","data":"rEkYIe32x3TddGlbryVLzQAyWxqXzFMcX9U2bGlfZlg="}},"/0mHufgd/l1JYkSNvpWwtYzTpeYrvg6UCgLaeJJQ+y0=":{"valueMac":{"type":"Buffer","data":"O+krn0vwEOZJz+AQXjfoNBt3zOAZYdZdiLr5gvU+qyY="}},"Yft1x6/T+Hp0KhvylV5UjGqSIe1ElqK6KyitddPTank=":{"valueMac":{"type":"Buffer","data":"s2MWgpJA08PqvX9RcqtEw9d3F6i27rCgefUPzeZDPkw="}},"O9arRgg6HuD2Gd9VF4cVNdlZPmjPpcO0rlEPwvxZTc0=":{"valueMac":{"type":"Buffer","data":"Bge/LP5zbzXYCDDuZkR3oHxA4tLP8nJB+v7dUBtfJr4="}},"FLDSJXzTxnCCVnBkAlFTUUTXhxpnZpqKbU/kJdidKSU=":{"valueMac":{"type":"Buffer","data":"X2xyl8c/KjaCCCy4DMJVbq4JCYjeiL1sd40KmMfOO34="}},"uaxEw3OtfEiMHw80YFfsT0yp7tgjHIy1F2li2OpQzKo=":{"valueMac":{"type":"Buffer","data":"1bR44/e3qhSgCIYB8f7EOVN/jhvJqA8+cHXlKsCDVI4="}},"HX2e1u0OJx96eiQsnh3qZTAV3vmb91vinp/R+v9+De4=":{"valueMac":{"type":"Buffer","data":"OVSLMQAImwOyeA4rJxmhAMS2CV3W/si6rCVWjHcd5dI="}},"big9qIGCdPrQlQemkBm9hJbn8s7lALxgGVOcET4babw=":{"valueMac":{"type":"Buffer","data":"VX2kTbaAgDhkzsjsL8RnTFnRigfCuf6vzRu4jyPUghU="}},"uqeoFhqNIMbfQPFZdbcDzdaPvwAueSL6/pXbQ/81R8w=":{"valueMac":{"type":"Buffer","data":"Ocm62Fjd0KxmXczeq+u38revM0TcDvUFkAglmySdK/s="}},"612g3FUiyQpZG6qvvuh3XFBZve9bKqdpKJwYhhWAeOc=":{"valueMac":{"type":"Buffer","data":"6sTzaYF8TJpWp147upVJ7SjiIUV8RkcQfp+o+1YdsJQ="}},"W7g6mH4CHrLJxFJo4/yMUUKR2BbLIxVogKvl4NB96yI=":{"valueMac":{"type":"Buffer","data":"6szJM6SLcH5jLcLeDzYPYhU4hEzld9Ji2pmVPo9q5uA="}},"OPTa8Xyp62p5B4PYj48pYAv3QM0+fdkdhurmZCy3638=":{"valueMac":{"type":"Buffer","data":"l6xmZuQP/+h9ITAnZbKforg5Y981BrG/pAfVw8IyBvI="}},"4at93M8FXvb6Rh2hZtUS5fsJbKcpBNlBFRzq/sH/6rI=":{"valueMac":{"type":"Buffer","data":"gJWhqD1cSOEAaSJkOo24HFE8KI8YoecmnsHbSA6dDfY="}},"4ndvv4KtNvkb5xPilLIAZ7zDilqITcwBoRtyMmbufls=":{"valueMac":{"type":"Buffer","data":"V4W9lyi2x5RQ+GFEgXv06XLBmmvF1CJ0qyXfClVF7MU="}},"m3Fq5g4pTE2qWW/QbYgY091HH32sDbLDcUi5I0PZjwg=":{"valueMac":{"type":"Buffer","data":"3ZD3KmcZWptANmKEmqeSmzhKxvBtqtJShSSmtwvMWGs="}},"sDD9rbINTEF6Y7iH+QlPgPG518fTF/iko3LWn/roZSI=":{"valueMac":{"type":"Buffer","data":"IcO47mTCdt/EuKOLV2XnWAgrB5tW7Tm8p+DxN9Ber18="}},"rzwa1ocXrsvbwxonKew9V8PK5wuw3BO/6bP18u1cj5I=":{"valueMac":{"type":"Buffer","data":"Uxc3gyzf8jap9I3NWrKWx+ZYbARsYm3pSvx5bbhgOIM="}},"piDNiZSQbPX0bfw8H0+ibXSLkoh07LA9a5+WHPqyKrU=":{"valueMac":{"type":"Buffer","data":"BtnWMNT83cCFpJrvsWevgErFxmpDJgWjNCyvSOo8uzM="}},"Ur7AqqSX41mykcHVVZVfaprUqYh0wIi0yGEXfThXr8c=":{"valueMac":{"type":"Buffer","data":"5s54n3ILMZvUlVxCxktHc4xYBIZsMEzklRXW+JtcZWc="}},"HtrIi6ePyUIKrXQAzy6K3a9WVf8oEPmS1/j2IEdL8XI=":{"valueMac":{"type":"Buffer","data":"V+duHNUb/8ffm6cAejMhR5GATmvnR8zgdVozXZd+c90="}},"Bj+0ahBowQ1bjK+EY39b3S/p0SxRjZ1pwKm24D7ZI/U=":{"valueMac":{"type":"Buffer","data":"3OUtdmIpgR0vnSdrQRT0cHtkDt9NTMt9Yiyfsh434lI="}},"juTsGTgadQqK2gvmCkfHfBXV8ztcM2sgeFQ2EcveZsc=":{"valueMac":{"type":"Buffer","data":"jLwT9QDwYXVfWT2v/xMMr38KIL8iRVJgqUrVw5Vbt3c="}}}}