{"noiseKey":{"private":{"type":"Buffer","data":"YHesChrf6vcuq0df6OG3tlvNGDK2W3Jut18ZEw+VDmQ="},"public":{"type":"Buffer","data":"YVnM12NDRfOAVpkyAYXPu7UpWU/ybMBhUJbLBOuaHmQ="}},"signedIdentityKey":{"private":{"type":"Buffer","data":"qPpaqQGmdDSD8KVC/1SYv3WZkWtHLUB8tox9xgI35U8="},"public":{"type":"Buffer","data":"hLjadLdL5HTPAyJ5NqW+0cFfUvvinbKbRW8afXWl5DU="}},"signedPreKey":{"keyPair":{"private":{"type":"Buffer","data":"uOAN0iVa9MTG4Yt78sO5PFyL4NuEzRQQ7dO8zaRoCk0="},"public":{"type":"Buffer","data":"Y0qX2jmdSoog8kPFBm+J7WYyprANCmNvc3Gi5cblR0g="}},"signature":{"type":"Buffer","data":"ortqCUyiWVAX53gDKgOkkkhyCBoH78ItRyPH+6Ry1kBDuw0QeZ2stTguypWORm1wY/rdfQdpgUmvxqhlV2FDgw=="},"keyId":1},"registrationId":4,"advSecretKey":"3mbVLmKPXFR46Z96LESC9yOZN3LU/8ikuX+YJ+wSlZI=","processedHistoryMessages":[{"key":{"remoteJid":"6285173364418@s.whatsapp.net","fromMe":true,"id":"C2F2980F2957D8BCB5A740B49832B277"},"messageTimestamp":1673888615},{"key":{"remoteJid":"6285173364418@s.whatsapp.net","fromMe":true,"id":"A3B48C7AACAF4F6AD79E794C3FD04C2F"},"messageTimestamp":1673888619}],"nextPreKeyId":31,"firstUnuploadedPreKeyId":31,"accountSyncCounter":1,"accountSettings":{"unarchiveChats":false},"account":{"details":"CObWmKgEENuGlp4GGAE=","accountSignatureKey":"lWVJ2myxoewItuWXBpwLwdZYwkMoKwQdHq0B7IT1Wk0=","accountSignature":"fszfQJrpcx2FARkaQzI/BJmuQoyFifSaGTkoNENLPoS5UB9xXT3TdB+vdudKX8D0+WibRHY7wiY/AHlk4JPUCA==","deviceSignature":"Lz4uLV16lo217W+sBO2+rxa2P0EM7eFGioZrN/Gq3XN2rOcrPJWwA6yUrxxnCXVK2wSarSYOqhQtAKIFlXEqjQ=="},"me":{"id":"6285173364418:5@s.whatsapp.net","name":"KodratBotWa"},"signalIdentities":[{"identifier":{"name":"6285173364418:5@s.whatsapp.net","deviceId":0},"identifierKey":{"type":"Buffer","data":"BZVlSdpssaHsCLbllwacC8HWWMJDKCsEHR6tAeyE9VpN"}}],"platform":"android","lastAccountSyncTimestamp":1673888605,"myAppStateKeyId":"AAAAAJ5f"}