{"_sessions":{"BQZPzlSSF4LBqs7hQ4H2UqHfjTfdkiGW6yzoQ91ZQXlI":{"registrationId":423854285,"currentRatchet":{"ephemeralKeyPair":{"pubKey":"BZAmUu0fifLg5HwtTTovQLTBbcHajVxZcbtXL8YelVtw","privKey":"QFVlh4LWxiVhNWDCRhWqv+gXVMDSlIxTOKN0pyl0JU8="},"lastRemoteEphemeralKey":"BdUxCt4GUFmgESJaK3axCHCe3X4iU9IENFmut1bEQ4k3","previousCounter":0,"rootKey":"EoK84syallqjNURBn+740ygh8LaZKo9C3kOW4q5t16A="},"indexInfo":{"baseKey":"BQZPzlSSF4LBqs7hQ4H2UqHfjTfdkiGW6yzoQ91ZQXlI","baseKeyType":2,"closed":-1,"used":1673888606840,"created":1673888606840,"remoteIdentityKey":"BZVlSdpssaHsCLbllwacC8HWWMJDKCsEHR6tAeyE9VpN"},"_chains":{"BdUxCt4GUFmgESJaK3axCHCe3X4iU9IENFmut1bEQ4k3":{"chainKey":{"counter":5,"key":"hl3Yz7VPODQ65ssJwjSugOLNZrQTQql04i5yr2OYboE="},"chainType":2,"messageKeys":{}},"BZAmUu0fifLg5HwtTTovQLTBbcHajVxZcbtXL8YelVtw":{"chainKey":{"counter":-1,"key":"MJrWpRV+xokHhAdQnFTzFVYDVe3fEIyKvj3DMakMUD4="},"chainType":1,"messageKeys":{}}}}},"version":"v1"}