{"version":22,"hash":{"type":"Buffer","data":"3gAPiwWPtj5JAeftoeM253IYJpQE6OWDt5a6hawO78pjvEE+hDV4dttMe/f/It/O6DFbURjXb977I6wsjpA40DP6Hk5dJikNq9pONsYeazFHF4b3+FH5Rg8aEezy+TJLHdMMtEo9T0cNVgH4dIWtmLq+VdDU+wITPK8LOMVH4DI="},"indexValueMap":{"BESNDumhTQBkKOfnZnDSts1NBO0Hsu6kbDznPjIRfCY=":{"valueMac":{"type":"Buffer","data":"gLz7K3pctOAGfXVUrecIypFTm7TvQJhYYOQJ33RzBkQ="}},"B8R3NjUbmkZQkN4nGmK8eRftmtCJTizJhTJFpAX/Bn8=":{"valueMac":{"type":"Buffer","data":"4eS6krrFQqVAxw9fYfsu566QcnMWo0vY7N/fMqXKTv8="}},"CoSxzmYpacCiOAmTZl98EHU91SV6PVvq5bUkkk5j3Y4=":{"valueMac":{"type":"Buffer","data":"XSYwznocTl/tDfUMEXzzgr83jo4O4oCh4l2UGtMF5sE="}},"Ep/vp0akrth/PMMjYV/BzxLGfinOs0WlkXA2Fy5gDnI=":{"valueMac":{"type":"Buffer","data":"usgjYOlHaHc65puqAt+7/jFgtwTryLjjLcPJCCKHWxQ="}},"FS7Y3parys4l2RkHeAmh0hvWGNh44/UU3SzT6ZzmzGQ=":{"valueMac":{"type":"Buffer","data":"ez56+Q3n0eCcSn0i63kXCSIAADpnBDZ55NkkRQj1Ano="}},"GqUnkue+6wj7Orz64eFH9Ag13F8QgCPQTcd+dmGiWDg=":{"valueMac":{"type":"Buffer","data":"dfJ4xka8eerBbZ+gTRtRRHhcR7P2Mv7mMrUW/hHVhZo="}},"Gv7Ye4ZBfe35n7dRppQxuTI6eX8DvhFvWrjeo9rRC5c=":{"valueMac":{"type":"Buffer","data":"8EWESKP333HHbtdutRFATrAfsqboJCxQjaCkRprH5bM="}},"Hr2JgYUAremiSFpdxSszN23e1/VjHxEEZ31+56BHGxQ=":{"valueMac":{"type":"Buffer","data":"gLnQQ9iziG/foFdG96E+P0bzD994oitNo3cnSqBcceA="}},"KHjUgEmgU0sjkl11ieFr1cRdLupQAgQM9LetvO1wBwE=":{"valueMac":{"type":"Buffer","data":"16LrqwY79cJxmGTeUNoDn/+ixgnJ9KpEbddOnSMgseo="}},"NQOZx1yOW9BbdFV87803XJgej4k6cG0Ba6UtwUHBjCQ=":{"valueMac":{"type":"Buffer","data":"gG7HrZgzmkUH9R5R83rWA8mMdIaFO0PXKvANJ0mjYqM="}},"QfHfDpfzuWNvuMQzpmVP676GknWOAf9w4MFGeREub9s=":{"valueMac":{"type":"Buffer","data":"meAlWUPun4mfiG3Bnv6BCEY/qWY/aK+1kzK1+aDFUBs="}},"Uuq80b1QtkwT5/KmYVj1PznR+JBpJRiff28vCpuzLa4=":{"valueMac":{"type":"Buffer","data":"WQg2zgybbi4POX1OO/2Y7KUhQ32MopXLiKDRBJqKr+8="}},"W4L0fN5YaBVzyQVvQsdBwc2PX61TrLph28kXMqM0ukI=":{"valueMac":{"type":"Buffer","data":"oDgNRLtdgklM2p8vpbvDXSKLtyP8ZEH25YPfyk+OWEU="}},"XR3vbkATuv4EWzo42NCqmguwera8hyrlXbPS6+xz4o4=":{"valueMac":{"type":"Buffer","data":"Zs+PFF/3qozWT0AXy+g5jEX7Jpg+NVx4uw7piEM5PXQ="}},"ZAkNUBaSxdogsGFaDQG8wNC5jqt5UIfr4dPpbPD/Txw=":{"valueMac":{"type":"Buffer","data":"Duv2wVj021xp6VVQcoB6UW1zWEvz0Lg9c5mSa1xy4Ss="}},"ZAygSCoHDxDoq2H4keLl3oFot0bdmBA4jXqCyGIk3hs=":{"valueMac":{"type":"Buffer","data":"wc9z157xAYodI0iNAsJ30h/Yyg7RRKAEILc2u1CBGGE="}},"bxO4UD5DPUyvufSm43p01Pkq6lf1bPEs/jCjEAL5u6k=":{"valueMac":{"type":"Buffer","data":"C1rHNaj1rmL8eGRM1YyNQnmdHCRnaSqIwkbI/PMCp6Y="}},"ekfGFi8ZhirmI4lK0auVOwKeUSEM66xNeHwpvZLZzzM=":{"valueMac":{"type":"Buffer","data":"Ac+W/+FKnZyG+DG2oQ/AD0cF2cVuyzsClDjCHSq4BmE="}},"koFMqdXVY1/TKUwPaLH4HyWbyetFSmwCdCqTNXo9d3U=":{"valueMac":{"type":"Buffer","data":"OzfaYDqFsW0+rP6qBlMarCKgiKv+uQsh7uifRJYyOtg="}},"wZXN9pkcIG2yZbaGG2juTmfQ9ctuPZCO2I683S1WjWY=":{"valueMac":{"type":"Buffer","data":"IoqSK4OtM50ZMkcMTX/orGs7nJmzDOyJq2Etv6iaUm8="}},"1IBtNrAPwsDTR7MfW6IZQqvNo0TykObmvvJkGFDfTlU=":{"valueMac":{"type":"Buffer","data":"UtCLXH0fJVImz4LEGUI28h4zplOHstCfQyzhJJr7l/I="}},"3m6Y1ygctydDr9+OtF8VZhWanotTn3CKUmjHGfDlu60=":{"valueMac":{"type":"Buffer","data":"NRFeZ4YH7sl1Gs0PAjkgp7un9v14e7JlB/rUByaCNXY="}},"8nuOb9iH4Zq5zk05HYv5hR275eruAmV6w8sNHvZ9y14=":{"valueMac":{"type":"Buffer","data":"zQTSRiybcXqidKMaMQq4qsdwgmDUKAiZTNq4Sv2GgDY="}},"yRFc4GS0Er+XTRbcaf3obf7tYiP1RjqasH81hN5tVQc=":{"valueMac":{"type":"Buffer","data":"RgNu9M5H36mw5hgXItYQDcgbjeQvoys28swwlUCJ8Ow="}}}}