{"version":184,"hash":{"type":"Buffer","data":"jbjqrZW5xHrTb8cOj8QovxkHxNnJIn4gwYY6Xu24co4bpV5y6UQifF5B3f/e5Pu2WQKbWlnHbMO7HU/D0ObMvUFngJ2MnUDvzcopPfcmTBhVZvujJFI4lNPkcO8NyTYJEF5UPWHsDheMBaQzKGCpij7epXgpAV+lQvriEaRKNnE="},"indexValueMap":{"BA0vmrPtNBjlakso4fQMD5LmQdRtp7eRwtpw6e1cI/I=":{"valueMac":{"type":"Buffer","data":"DMSj+GO5ohE58IZJN+h1zn9lrriTq2Ci68aNSZG6RLk="}},"BgHdc96ZyEPKUYUxWOxA+PxRFvQCF+Hv/dAiE06SIjA=":{"valueMac":{"type":"Buffer","data":"hncgbDEMrBOF1B9RLgCHGKT3+dxQo8rMUwPTgA4vDts="}},"DnXXN1jkxHrFoU7mLVmpZNV7Lj2AGQOYeKjfsgZQAtA=":{"valueMac":{"type":"Buffer","data":"UaZm9VINFod3IxSFyxMFZeNeUjVealIecRKdhkzm/DE="}},"EcjWVOOfhczkXpSjJGXoFIe9hTwX4S/Ob548pwihA7A=":{"valueMac":{"type":"Buffer","data":"dXeakJHehkrzB4MWNqeq6acdv6amdFLTCrEGJINHtwU="}},"LD8LiXO/TdYRstSvPXHDCqduSqUwllYKH77U0lyGi/c=":{"valueMac":{"type":"Buffer","data":"hdPXoL8Zc+FkHqSYzc15u9LMYpRFglrPnpOzr8Agnkg="}},"LncKbGC79awcK754NLgJbs8frpv3OMV6dFYi7Zi8jE8=":{"valueMac":{"type":"Buffer","data":"b8b/VIlenkwKrOoa67xDJlf/YX6wELgsWQ2n+I5luSg="}},"LpdbVE5KkwI8XNHNfIiw3G7Ni/Wie8lLC+Cf2OrPpJo=":{"valueMac":{"type":"Buffer","data":"RL3/eZtACmd0w/P0b1rexSPrpr/+FBoV70VC+jpKyR4="}},"MX6/Rc3MWvUaWCBjGrrtH5cIv8tsqFkeSa3Gu5Ub1jg=":{"valueMac":{"type":"Buffer","data":"mI9U8Ncy1Z7/foxqUUB1diR+p8sCqPWS/75VjbiQjwE="}},"MqDWw5wDyXk+0FtfaMDmq97IimTJRsR4CMJcC84xrQY=":{"valueMac":{"type":"Buffer","data":"+NjyJW38vD2bfG13eYlkEBCvRODtPnjOF8OLbhTKRsI="}},"NvExsJtSwaG8m5OYwwkkWaI9JCjvwt0Hww7rv+ELjKY=":{"valueMac":{"type":"Buffer","data":"KSTSjKnZmSJLS0vNqtM61M4pLxirzpDC73eXKTsCQVU="}},"OlK4jAAvo6sPEOjqBdB0rO/C5pL0rzqFlxeINA1tcLk=":{"valueMac":{"type":"Buffer","data":"eNV0G3n3/HDyGP84ZXv/bypJ/28ikEWdzlQeHF37WqM="}},"OydwUceJe6Nd4MNGPBkePjsSQV0jBNWJMLQSqpLVT+w=":{"valueMac":{"type":"Buffer","data":"YMtwoT2MAtcVZ2wFV1SDDyW4v3omjgA0bRxvNfMNfw4="}},"RGtVsMfcavpg0k2zzv6xCVwUNw7cDdbaWLFmTDrJ/V4=":{"valueMac":{"type":"Buffer","data":"u4mtHD22nZLlQBM7jNH1r2BaB6guy9knu90mmvZQwcs="}},"TNBuyy3czCAFOGmX8jMlGDTAkmnJplRdJ/ormXhvpqQ=":{"valueMac":{"type":"Buffer","data":"COFksMLFO+cLyf4HJDYaKIewOsMZEWJ2Ds++J2Y1OYQ="}},"ZS/t1rL7MTMJN78EmkUssLQtd9co5udMjjxh+4Oo+Tc=":{"valueMac":{"type":"Buffer","data":"AEdZzeo6CWugb+TSey8iNXbh76C0QQxzwqdaKgaeISU="}},"aQErP/NjJG2ShyFUKQ/RerY3Ydl0ecv9jSS5L0Dp8Wk=":{"valueMac":{"type":"Buffer","data":"Eo5WiSvjDYnYvvPwh3/kXvGY6DKA5BqKkt+Lp4BEpcw="}},"bC67w9T08keHPz4x7p9itdY+7a2TLP1dJJUhfp5vHoc=":{"valueMac":{"type":"Buffer","data":"AIW1Ji412H28I+AF0RfuZIMsnfFGsOp4Vqw/kPyUpco="}},"cVMA0UQjR+q9AJdHblc1lpG5QFEBczcUt3psEe68Ogk=":{"valueMac":{"type":"Buffer","data":"LZYC/ca+nZuU8iFMi5b7D71lpIQdVjisUhWKrYNOo6U="}},"dT4xLzARmmw0/Cwmqrwwg+BaoQYKpfVMx9YCBJHSyFE=":{"valueMac":{"type":"Buffer","data":"uhDFCz/ldVOetaT8iZq49ovui6PBssu2fkjbannXmWA="}},"dsUb+aFI9ng77FqJC7pJp7K5Q7mMsHv1t0uS2nkGZ5c=":{"valueMac":{"type":"Buffer","data":"3gfBrdKrwIlx0DAjknAQejq70vSR9kC7Hh6QPUxJ1YA="}},"eyN5KXkEPEXQ+8yfZTvYvpWEN3Ql8M58nc3N9F+yMI0=":{"valueMac":{"type":"Buffer","data":"zMyeCoi1+hJpjK2mdX4IukCS1ZXTklrpX3yeKYdW1lo="}},"huWd8VxPbRdB+A4xGWARf5wqNCa4fMPJkN8ZiR3TZ3c=":{"valueMac":{"type":"Buffer","data":"hqKoUvYkY9/VIL7D8/vlsnct8YhIc5vLL9RI+Fwbs3k="}},"i3O0S1vMzqqkZOLOhHnaVC01pJoUS+guwfGe+73mp9M=":{"valueMac":{"type":"Buffer","data":"MkV9tZby+AEScl1OYprS+hIQraNPeDZVPJetNfM7bsw="}},"j6jVBe36t21f2s2NLpGnS52vN/XkFANTYeWXMIe6ves=":{"valueMac":{"type":"Buffer","data":"leJVb2jOKaADEK9KT+NsYzXdTil2A/HSQmoimI6mqFU="}},"lMZHaMcKN1cNQdMmJ5j5/ULF7VvRYylHfxwdU5gq6Ws=":{"valueMac":{"type":"Buffer","data":"W07KskvdJJvFLDZAdCTVcNn2hPkqhcSLMMJRrGLfZEo="}},"leKttDMiW5mgQCIoAQxpenh15TzZue120VT2nfZ7b4o=":{"valueMac":{"type":"Buffer","data":"lL4xSoo4U5er8gGEtMGaG6bhjmG4XEze8X5wWFEgke0="}},"l++pgx/WKzIY75WXOqypNgaN3pH5dLeIzAE+cT+cAAE=":{"valueMac":{"type":"Buffer","data":"zm9qqMldwEBdkspqlmB6eZUIaY2ZfVhGuVYPOUlAU8I="}},"oT0ZxS1J+gokPdp1MkhflyBvc3Ct+wdlgK48tAOtovo=":{"valueMac":{"type":"Buffer","data":"OSi+aBV4+DFeZ0NZaIb4DoePt7sppggfyyDOZgMln7Q="}},"ql2/23TpYstP7VB9010tD1jS6eNc2bQ4AZNoYvtHEbw=":{"valueMac":{"type":"Buffer","data":"76JTFDKQRh1KCrjANNzH2r37lEB3xljAwhFSmMIu9OE="}},"rT9XXWWS+DMaA5Y3gWCtMYXGgldzTbMVjqGdkKlSU+8=":{"valueMac":{"type":"Buffer","data":"fXFnr64AhukN4gzZkr3EOHzIX46q9yBKt8ZOk2QfWq4="}},"rgNH3SXFOw6SMZiKcl6wznXnKKeFyopbwfK3pGUKfL8=":{"valueMac":{"type":"Buffer","data":"OmNXHp1aFlg3KTj6O41pxOUBxz4x/yC4LwgNLdAvZf4="}},"r2i+uRlYMan21ST6tX4Nwg8iA5ZVY8myY/7W6/XxJr8=":{"valueMac":{"type":"Buffer","data":"1FZEjeQfc6ot7SsAPplKaNmKWSrwJkEksGZ+wgRVw2c="}},"sJ8sXC6oqOPx7TeVqiVhLJkLMqzbQYT4K/6fhcb9aK4=":{"valueMac":{"type":"Buffer","data":"a2Dzen/kN2PhZwuHR87w4oHMz0+gsVC/env0Pu+Xdzc="}},"toS8hmV/TD4k/4YBrRhYov+S9jhLnQGBPg9PhXhyR+o=":{"valueMac":{"type":"Buffer","data":"nQy2T1olJm1jzEWN4Nmz6sCbkxDvFCHDMelZ4C6LZs8="}},"yYIK1IK0vCFC6TwOZWJC5OgtZd2JNc3+K1TQ2wbgZj4=":{"valueMac":{"type":"Buffer","data":"EnB0uNQaTeeDd1rYF2cd4vo4gm+LrN60i/VtZXiPHn0="}},"yyq11ZJkDXMRnhiC+bKkT8qSS/waurdMroYpeLpdLNw=":{"valueMac":{"type":"Buffer","data":"FHF/k1BuXcGgnqKuAR7E+HYTH7XtIpwxabevjYOc0Uw="}},"0DFNLuXUZ0r8weNyaY4b6LTPfSzgeOGhYqfLg9fbgpU=":{"valueMac":{"type":"Buffer","data":"RoawCUyHfF6Hvx4xsGN2WevIfGN+4TvquM/yMjJSHyI="}},"0jJKaA3OecEZDsZbhRq0yDIgVdaTGoJEr6mUBLo/4rk=":{"valueMac":{"type":"Buffer","data":"JjX9TJynBSTDF5hKPtfnewEMKne7TBaBrH0VWAD2MLw="}},"0lxIaOx+5L82Iw58ZswZeC0I1cIjiZxUZ6bAEzxUNnw=":{"valueMac":{"type":"Buffer","data":"tLN1nVBFkpk7j1Bq3RZtYsgrKvf1jMglyXFTn8gzKYo="}},"02KP+a/Vl1z4WIJ5bM9aLe8kVyBV0fvZGypWg3UPZSo=":{"valueMac":{"type":"Buffer","data":"mDeCHmDFrPaxfGvlYAJuMylBjdO9Fj+uq2oXDvfLmVI="}},"2mhnC3JAVqUDrPmN11ihIcJdPn0GJduo8Mehh2wAQ2A=":{"valueMac":{"type":"Buffer","data":"1CDRWT8UVy2UbudBhKlnUhSU3dbAatUZckuSLtTzBCo="}},"22JIea2k6RZj+U33YNMn761K7Uiyry3XrrMSpsVl9fA=":{"valueMac":{"type":"Buffer","data":"kZNDcymv5wY5V/D0SKbYLyDoeZslYpiUfM6Z6KmO4t8="}},"3NXT2+IxBkKn03Zky/EQUVoAbmQE3wz0nZKVRu2UT5s=":{"valueMac":{"type":"Buffer","data":"nl7Kfav0MVMB1lWWML9KZXyGX1GbunN+v8qK11Lk2Vo="}},"4aDt2qNFHQqZrQgzcdGT9e6ls0V6x30zM5osd8JxV/o=":{"valueMac":{"type":"Buffer","data":"S0LSF9jNEZNc5eWvESw0sgVa5FUepF7rCon+Wnev1qo="}},"5iLDSZbRIqqsWMVBXN80Ob7ddQjN4nrpAANVZRN3bko=":{"valueMac":{"type":"Buffer","data":"8K2vC+0aZ1GyCfLXZMTcHClQ94rT9HW4hZ4ogEoDuZc="}},"5unLPo36VRK35lvs6fPzOiV+4ObOq0flrQfdUer2toE=":{"valueMac":{"type":"Buffer","data":"CU6E7gWq4ykZSJ18NnOSAU2lhbciErMX6BOIxaw8yJE="}},"5zuZt5MvjSFr7JoUt1quUkIgoV8GN96FZir6mHsOsiM=":{"valueMac":{"type":"Buffer","data":"Kh7tYeTucEpaFwMruVsGfrCwmP1pYMiKBjCf3UhsdHc="}},"58QwRRT2V73omKi846ke+i1Dj9R9qMqIAhjxCCOul/o=":{"valueMac":{"type":"Buffer","data":"qH1BV3EGihTuJ4CEKXw63W3bzcV3JeaM8L4Wswy26xY="}},"6EF0iT+1k/0n1TJMW2K0mlI+znfPgHK+YZqiBTg+raM=":{"valueMac":{"type":"Buffer","data":"LCv74UGQJ/IIUHWFWg9IK2lenCGobsje209zQHaKYN8="}},"6UmgzCg1vtUnCu2ISw2C3LUgUZgXRWb3eJ7z2j3Qvr8=":{"valueMac":{"type":"Buffer","data":"ylCn9KTPBxOzZO1zrVE0gueu2HXpNCkhyHnpKcfhYsk="}},"7Ah/SOKfdsLGUOLfh/PY0vI8PJpLYgZav+wiGnwtrhs=":{"valueMac":{"type":"Buffer","data":"YIEH5HZ0c9NOJFnCFc/UhV/iTsfYEru5rHrnjv6bA8M="}},"9eOjCuVliGBA243XlDfdQV1fw32z9t6zUZjxNko/JT4=":{"valueMac":{"type":"Buffer","data":"XXh/GP/iqmX57exSiRLn3WCSv3oB5cj9qPoG4tQnqcY="}},"IYIBoMCbDbGpivV8MYJVe93ut7X7G0Pfj6aLU/n42x0=":{"valueMac":{"type":"Buffer","data":"ugYNHf29uRQpJlZ9m1c8ERK4/fMax6g1EwE01pXG1/c="}},"ycvQ/t8jLc8xZEqkSeDMhgG5xY9qhG+ON8teCFIUJKA=":{"valueMac":{"type":"Buffer","data":"besUL2wOfryPzOA5jGpnXBxGdZjq9U5DSumAMJ9JYa0="}}}}