{"version":3,"hash":{"type":"Buffer","data":"jCd2nz+w3gF0mtaHcrNnZWyL0W1Ir9tupdo9pnYsXkthTf8aabYywqZLAehx1ICCmMEtRI2t8rXvTF/aWVwH3PMZHvMHQYJliGflrfqDQDa5yOJ6s8f1/nYnGfKR+ngkWABE50NQNF3mohu/GGXUXwwHOuqtj9BvDQ8XWpvwimI="},"indexValueMap":{"TzhSvPEfEX9471l2pkGuHuU8kBIgo4hIZxO3zFC3wvE=":{"valueMac":{"type":"Buffer","data":"TxyyOUkx8XRaMIDwCeos2340hpzwfkMBJBbGhPp1ezQ="}},"VgsUSomHmibnaUnOR1YZL8MChChbfvsAnBquQdwPFxs=":{"valueMac":{"type":"Buffer","data":"HgvVc7Wl8OMgIcSXNgbFI+yywIby16wbvtoK4abcA+M="}}}}