{"version":269,"hash":{"type":"Buffer","data":"unwoUQU2dEFr0xu5RZZKat8N9WRTWrvp8PclCNrZcbgirmRnSmUkMSZbXdtucdCQE3UNTOSGuKw3WJwp2WfSn/tWKWfQU7lCye8XsBuIdzVLnrxPiJeCoz2B+oV0TjMbI+yEK70T7FJuwa1hY54fSufDSAjaLsDpVnqeHfev48Q="},"indexValueMap":{"A/0/rtRYBr+xrhIufIBhrXlEGVVjpbp3GLX+vz00GZQ=":{"valueMac":{"type":"Buffer","data":"7d+So8M7kzsiikAPe5NRAMPr14oExNs4R1SKZdlBosA="}},"FYvhQyHxwi0C3bghJvZ0gM9tbVoSvJMNx30chIXX/WA=":{"valueMac":{"type":"Buffer","data":"X3qbGk+8RgMqWe1SKdH30wvWiekfgnfOhWagaXKcW3o="}},"M/yf9BW9VTrdWIA1Qjs0k4sHITqWFOD31a5fLBewipQ=":{"valueMac":{"type":"Buffer","data":"4vcN3kVQcNgGh/eVkUUSKrGOJymajOjeZ7LOKqojziE="}},"NgG8WRGuS37GNFCe5zwOQGHi02CIqC1hiSI4jajOLlo=":{"valueMac":{"type":"Buffer","data":"UYVCF3uMohdvsKqxL3797AEHDN+C7jwqS00db/HMg64="}},"OeYHgGZR+GFQeGYGLHPG7tbQUheQ8Puk2LFa42MitTY=":{"valueMac":{"type":"Buffer","data":"+F1HvILCPKmE5fPJSfr03Km1q1dN3iWnqt9ubDhWnIo="}},"RdiCMp61TgnhwaUb85ZdxGrZ8CK10B5Ml98hVFZh3HQ=":{"valueMac":{"type":"Buffer","data":"uYcXV+/OpL4MTUeeGhw0AnPExZ1a89Qn/s9x4kqwRP4="}},"a9ybvYdJ8VmUNSiAvtn/HP0j9ZuamR2tR85wzPuJ/lg=":{"valueMac":{"type":"Buffer","data":"86TdZXxFQ10QC1DQOCvIHpd+SNctTBOhcoERsN3W1W8="}},"eKZ/HbEErOEaODg+OW4VgeTVjrzzsVJgfJBRKzKR1vg=":{"valueMac":{"type":"Buffer","data":"gGTn4C6q7CPhTK5vi5x5iHVLaIR2aEyrWCeUUO7vFuo="}},"e9ux3GkocYBaXfG7gfQb3t7ibKh1KI0kEYq7BDKJ4RM=":{"valueMac":{"type":"Buffer","data":"jRt/Pc8AIAB/acUu7Oi+GbUl+SQ2HXJSc0zvaJQLesM="}},"lJuziQtLb3m0WIIgWJrxh+nxl9H3DNpS2Xutfu/kFXk=":{"valueMac":{"type":"Buffer","data":"aViZbD39AUWfazr5Jo2f/iXQRhSfZqHhWxoXPwVzKY8="}},"q68q3YDaOK8LMJ4OkmpQtHlh/P2ZsZTt0J/ygdts1Kw=":{"valueMac":{"type":"Buffer","data":"pfApIZ6MEYkKz7wCctmFBBpmgBcsqpFCQ8oTI4/XtqA="}},"sUMyNvrvgPxmS04LD1q7QcbMLNkt+72nZvRPM+NyIaI=":{"valueMac":{"type":"Buffer","data":"44O1y/8U38GzXJO+txYgOfhMmwdplWYTeqW8NPwvElY="}},"s3sTcdBcIeLmXzLRyL469DAsk6mWdaPcVeqIlQQrrNk=":{"valueMac":{"type":"Buffer","data":"P8VA1cnVyQK1ETvMFl8yrp5oBIhQUKXPbflVo7H5EtA="}},"tYbTP++NXSSCNkl3n0fVIfmnZ2ra7ouooeM6goSQH4E=":{"valueMac":{"type":"Buffer","data":"ykZFoPqfZpDJ56zmjzcduGjh4bmCTjG5Hmp4kjI26jU="}},"1q7DsyOk5a6cyQy7h47+Uck7gWpfPcj0n8RjZ/0Xv44=":{"valueMac":{"type":"Buffer","data":"5hV+5i3AlUWNRYLOapcbZZ8W5QlfUSmK1DY+Sm66rEs="}},"/r0h3979bI4xij+i8jCODMy8jWl14r9zTMPZpmiWp0o=":{"valueMac":{"type":"Buffer","data":"XCYNzM96mPJ/6gEdHA9rnXP8ZOoRYrMB8z0d9rIej8s="}}}}