{"noiseKey":{"private":{"type":"Buffer","data":"6LfDJvaMhAd2CnEs9bg95U2efk1ozY1fhuanwJa9MHE="},"public":{"type":"Buffer","data":"AuMufbOR4/s+kvC8S6nlmZbpV/TkIx/l2oGfCLGFxyg="}},"signedIdentityKey":{"private":{"type":"Buffer","data":"YNyy+Cx8a8XvRB89ABp8mvV+1FoiHzK7K9xlusaFCnc="},"public":{"type":"Buffer","data":"5xis8vT0wONLPKI3mh4ex3oM5JhuT/mSX2TkfeeV/A8="}},"signedPreKey":{"keyPair":{"private":{"type":"Buffer","data":"gFCj1GvbvPOUbq29hwR0L/6S+HnThW69EpAlW+PXSnw="},"public":{"type":"Buffer","data":"Lv5qH7XIx43wC2No/n6n2FvWLZWQuZQpZTJqF569HwI="}},"signature":{"type":"Buffer","data":"3OaHUcTM5Pe2rDMclIQ/hzz/jm95hFcnT4Oz+hfeDAH3QwcV1WdodumUg0OzRnOwpt+BV/9u1oMCt7lRm3V6AQ=="},"keyId":1},"registrationId":166,"advSecretKey":"UxNeD7R2yY/EA7wuAv7rkA74fsqoP5IZNhya6/aZSjY=","processedHistoryMessages":[{"key":{"remoteJid":"6285173364418@s.whatsapp.net","fromMe":true,"id":"755D5563AC6F076E4B97F704AF009712"},"messageTimestamp":1673888312},{"key":{"remoteJid":"6285173364418@s.whatsapp.net","fromMe":true,"id":"63BEBA1EC12E797E3ABA1E33AC31FA54"},"messageTimestamp":1673888315}],"nextPreKeyId":31,"firstUnuploadedPreKeyId":31,"accountSyncCounter":1,"accountSettings":{"unarchiveChats":false},"account":{"details":"COXWmKgEEKuElp4GGAE=","accountSignatureKey":"lWVJ2myxoewItuWXBpwLwdZYwkMoKwQdHq0B7IT1Wk0=","accountSignature":"pNmlZHG8KwEBzzMsjqU8bNXZSRwi9VIr81yuovNGKDQnd0y7ZAcrP4f2voZNnAyNJJ1FkzInVf3Ad1PrGVeCCA==","deviceSignature":"CPwBWItEKjhgFYD7IqJ+QXMq+zHkZXbghaF/glKQCQlLWejpCL5N+zN7+ZsUUEEEqbHJVfN5psG843RrPXwLAw=="},"me":{"id":"6285173364418:4@s.whatsapp.net","name":"KodratBotWa"},"signalIdentities":[{"identifier":{"name":"6285173364418:4@s.whatsapp.net","deviceId":0},"identifierKey":{"type":"Buffer","data":"BZVlSdpssaHsCLbllwacC8HWWMJDKCsEHR6tAeyE9VpN"}}],"platform":"android","lastAccountSyncTimestamp":1673888301,"myAppStateKeyId":"AAAAABUc"}