{"_sessions":{"BdlwySayV187sJppmZJRi6vysT/3/Ny/ONAIFu5EJHYn":{"registrationId":423854285,"currentRatchet":{"ephemeralKeyPair":{"pubKey":"BZvkIJ8UT/szMgD74ZFWTst+stdPAZ/0wZbkF5JUMnAG","privKey":"MC1Dxo4aL38zibER5u5EKLp4BXQKwSBxjQtLAM3c2mo="},"lastRemoteEphemeralKey":"BcUlyYAPm5Mjw/395juFp7u6mVR2PM9hQdWEP6iEjP1J","previousCounter":0,"rootKey":"CBoAmXGiW4g+aq0y4MDe0UPKC61YPxi4zx43DTnfdmo="},"indexInfo":{"baseKey":"BdlwySayV187sJppmZJRi6vysT/3/Ny/ONAIFu5EJHYn","baseKeyType":2,"closed":-1,"used":1673888302522,"created":1673888302522,"remoteIdentityKey":"BZVlSdpssaHsCLbllwacC8HWWMJDKCsEHR6tAeyE9VpN"},"_chains":{"BcUlyYAPm5Mjw/395juFp7u6mVR2PM9hQdWEP6iEjP1J":{"chainKey":{"counter":6,"key":"yyzbC+90ETlYIQlnIw3M9+uy9JcfRtgLDy/qzLdWT2c="},"chainType":2,"messageKeys":{}},"BZvkIJ8UT/szMgD74ZFWTst+stdPAZ/0wZbkF5JUMnAG":{"chainKey":{"counter":-1,"key":"8L8mMY5kWjFueekIBHtR74ct+MruzF5w0pqD1wPO/iM="},"chainType":1,"messageKeys":{}}}}},"version":"v1"}